[
  {
    "Prakruti type": "Vata",
    "Body Frame": "Thin",
    "Body weight": "Low",
    "Skin": "Dry",
    "Hair": "Dry",
    "Teeth": "Big",
    "Eyes": "Small",
    "Nails": "Brittle",
    "Tongue": "Cracked",
    "Food Habits": "Frequent",
    "Thirst": "Variable",
    "Bowl": "Dry",
    "Physical Activities": "Very Active",
    "Tolerance for Seasonal Weather": "Cold Intolerant",
    "Communication": "Less Vocal",
    "Memory": "Slow",
    "Emotional Temperament": "Aggressive",
    "Pulse": "Moderate",
    "Body Temperature": "Moderate"
  },
  {
    "Prakruti type": "Pitha",
    "Body Frame": "Broad",
    "Body weight": "Over Weight",
    "Skin": "Thick",
    "Hair": "Soft",
    "Teeth": "Big",
    "Eyes": "Thick",
    "Nails": "Soft",
    "Tongue": "Red",
    "Food Habits": "Excessive",
    "Thirst": "Excessive",
    "Bowl": "Soft",
    "Physical Activities": "Moderate",
    "Tolerance for Seasonal Weather": "Heat Intolerant",
    "Communication": "Sharp",
    "Memory": "Moderate",
    "Emotional Temperament": "Aggressive",
    "Pulse": "Moderate",
    "Body Temperature": "High"
  },
  {
    "Prakruti type": "Vata",
    "Body Frame": "Broad",
    "Body weight": "Over Weight",
    "Skin": "Thick",
    "Hair": "Soft",
    "Teeth": "Strong",
    "Eyes": "Small",
    "Nails": "Brittle",
    "Tongue": "Cracked",
    "Food Habits": "Frequent",
    "Thirst": "Variable",
    "Bowl": "Dry",
    "Physical Activities": "Very Active",
    "Tolerance for Seasonal Weather": "Cold Intolerant",
    "Communication": "Talkative",
    "Memory": "Quick",
    "Emotional Temperament": "Fearful",
    "Pulse": "Feeble",
    "Body Temperature": "Moderate"
  },
  {
    "Prakruti type": "Tridosha",
    "Body Frame": "Broad",
    "Body weight": "Over Weight",
    "Skin": "Thick",
    "Hair": "Strong",
    "Teeth": "Strong",
    "Eyes": "Big",
    "Nails": "Soft",
    "Tongue": "Red",
    "Food Habits": "Excessive",
    "Thirst": "Excessive",
    "Bowl": "Soft",
    "Physical Activities": "Moderate",
    "Tolerance for Seasonal Weather": "Cold Intolerant",
    "Communication": "Talkative",
    "Memory": "Quick",
    "Emotional Temperament": "Fearful",
    "Pulse": "Feeble",
    "Body Temperature": "Moderate"
  },
  {
    "Prakruti type": "Pitha",
    "Body Frame": "Medium",
    "Body weight": "Moderate",
    "Skin": "Soft",
    "Hair": "Soft",
    "Teeth": "Strong",
    "Eyes": "Thick",
    "Nails": "Soft",
    "Tongue": "Red",
    "Food Habits": "Excessive",
    "Thirst": "Excessive",
    "Bowl": "Soft",
    "Physical Activities": "Moderate",
    "Tolerance for Seasonal Weather": "Heat Intolerant",
    "Communication": "Sharp",
    "Memory": "Moderate",
    "Emotional Temperament": "Aggressive",
    "Pulse": "Moderate",
    "Body Temperature": "Low"
  },
  {
    "Prakruti type": "Vata",
    "Body Frame": "Thin",
    "Body weight": "Low",
    "Skin": "Dry",
    "Hair": "Dry",
    "Teeth": "Strong",
    "Eyes": "Thick",
    "Nails": "Thick",
    "Tongue": "Cracked",
    "Food Habits": "Frequent",
    "Thirst": "Variable",
    "Bowl": "Dry",
    "Physical Activities": "Very Active",
    "Tolerance for Seasonal Weather": "Cold Intolerant",
    "Communication": "Talkative",
    "Memory": "Quick",
    "Emotional Temperament": "Fearful",
    "Pulse": "Feeble",
    "Body Temperature": "Moderate"
  },
  {
    "Prakruti type": "Vata-Pitha",
    "Body Frame": "Thin",
    "Body weight": "Low",
    "Skin": "Dry",
    "Hair": "Dry",
    "Teeth": "Big",
    "Eyes": "Small",
    "Nails": "Brittle",
    "Tongue": "Cracked",
    "Food Habits": "Stable",
    "Thirst": "Excessive",
    "Bowl": "Soft",
    "Physical Activities": "Moderate",
    "Tolerance for Seasonal Weather": "Heat Intolerant",
    "Communication": "Sharp",
    "Memory": "Moderate",
    "Emotional Temperament": "Aggressive",
    "Pulse": "Moderate",
    "Body Temperature": "High"
  },
  {
    "Prakruti type": "Vata-Kapha",
    "Body Frame": "Broad",
    "Body weight": "Over Weight",
    "Skin": "Thick",
    "Hair": "Strong",
    "Teeth": "Big",
    "Eyes": "Small",
    "Nails": "Brittle",
    "Tongue": "Cracked",
    "Food Habits": "Excessive",
    "Thirst": "Scanty",
    "Bowl": "Oily",
    "Physical Activities": "Lethargic",
    "Tolerance for Seasonal Weather": "Heat and Cold Intolerant",
    "Communication": "Less Vocal",
    "Memory": "Quick",
    "Emotional Temperament": "Fearful",
    "Pulse": "Feeble",
    "Body Temperature": "Moderate"
  },
  {
    "Prakruti type": "Pitha-Kapha",
    "Body Frame": "Medium",
    "Body weight": "Moderate",
    "Skin": "Soft",
    "Hair": "Soft",
    "Teeth": "Strong",
    "Eyes": "Thick",
    "Nails": "Soft",
    "Tongue": "Red",
    "Food Habits": "Excessive",
    "Thirst": "Excessive",
    "Bowl": "Oily",
    "Physical Activities": "Lethargic",
    "Tolerance for Seasonal Weather": "Heat and Cold Intolerant",
    "Communication": "Less Vocal",
    "Memory": "Slow",
    "Emotional Temperament": "Calm",
    "Pulse": "Slow",
    "Body Temperature": "Low"
  },
  {
    "Prakruti type": "Tridosha",
    "Body Frame": "Broad",
    "Body weight": "Moderate",
    "Skin": "Dry",
    "Hair": "Strong",
    "Teeth": "Strong",
    "Eyes": "Small",
    "Nails": "Thick",
    "Tongue": "Red",
    "Food Habits": "Frequent",
    "Thirst": "Scanty",
    "Bowl": "Soft",
    "Physical Activities": "Very Active",
    "Tolerance for Seasonal Weather": "Heat and Cold Intolerant",
    "Communication": "Sharp",
    "Memory": "Quick",
    "Emotional Temperament": "Calm",
    "Pulse": "Moderate",
    "Body Temperature": "Moderate"
  },
  {
    "Prakruti type": "Vata-Kapha",
    "Body Frame": "Thin",
    "Body weight": "Low",
    "Skin": "Dry",
    "Hair": "Strong",
    "Teeth": "Strong",
    "Eyes": "Big",
    "Nails": "Thick",
    "Tongue": "White",
    "Food Habits": "Stable",
    "Thirst": "Scanty",
    "Bowl": "Oily",
    "Physical Activities": "Lethargic",
    "Tolerance for Seasonal Weather": "Heat Intolerant",
    "Communication": "Talkative",
    "Memory": "Quick",
    "Emotional Temperament": "Fearful",
    "Pulse": "Feeble",
    "Body Temperature": "Moderate"
  },
  {
    "Prakruti type": "Vata",
    "Body Frame": "Thin",
    "Body weight": "Low",
    "Skin": "Dry",
    "Hair": "Dry",
    "Teeth": "Big",
    "Eyes": "Small",
    "Nails": "Brittle",
    "Tongue": "Cracked",
    "Food Habits": "Frequent",
    "Thirst": "Variable",
    "Bowl": "Dry",
    "Physical Activities": "Very Active",
    "Tolerance for Seasonal Weather": "Cold Intolerant",
    "Communication": "Talkative",
    "Memory": "Quick",
    "Emotional Temperament": "Calm",
    "Pulse": "Moderate",
    "Body Temperature": "High"
  },
  {
    "Prakruti type": "Kapha",
    "Body Frame": "Broad",
    "Body weight": "Over Weight",
    "Skin": "Thick",
    "Hair": "Strong",
    "Teeth": "Strong",
    "Eyes": "Big",
    "Nails": "Thick",
    "Tongue": "White",
    "Food Habits": "Stable",
    "Thirst": "Scanty",
    "Bowl": "Oily",
    "Physical Activities": "Lethargic",
    "Tolerance for Seasonal Weather": "Heat and Cold Intolerant",
    "Communication": "Less Vocal",
    "Memory": "Slow",
    "Emotional Temperament": "Calm",
    "Pulse": "Slow",
    "Body Temperature": "Low"
  },
  {
    "Prakruti type": "Pitha",
    "Body Frame": "Broad",
    "Body weight": "Over Weight",
    "Skin": "Thick",
    "Hair": "Strong",
    "Teeth": "Strong",
    "Eyes": "Thick",
    "Nails": "Soft",
    "Tongue": "Red",
    "Food Habits": "Excessive",
    "Thirst": "Excessive",
    "Bowl": "Soft",
    "Physical Activities": "Moderate",
    "Tolerance for Seasonal Weather": "Heat Intolerant",
    "Communication": "Sharp",
    "Memory": "Moderate",
    "Emotional Temperament": "Aggressive",
    "Pulse": "Moderate",
    "Body Temperature": "High"
  },
  {
    "Prakruti type": "Vata-Pitha",
    "Body Frame": "Medium",
    "Body weight": "Moderate",
    "Skin": "Soft",
    "Hair": "Soft",
    "Teeth": "Strong",
    "Eyes": "Thick",
    "Nails": "Soft",
    "Tongue": "Red",
    "Food Habits": "Excessive",
    "Thirst": "Variable",
    "Bowl": "Dry",
    "Physical Activities": "Very Active",
    "Tolerance for Seasonal Weather": "Cold Intolerant",
    "Communication": "Talkative",
    "Memory": "Quick",
    "Emotional Temperament": "Fearful",
    "Pulse": "Feeble",
    "Body Temperature": "Moderate"
  },
  {
    "Prakruti type": "Pitha-Kapha",
    "Body Frame": "Medium",
    "Body weight": "Moderate",
    "Skin": "Thick",
    "Hair": "Strong",
    "Teeth": "Strong",
    "Eyes": "Small",
    "Nails": "Soft",
    "Tongue": "Red",
    "Food Habits": "Excessive",
    "Thirst": "Excessive",
    "Bowl": "Soft",
    "Physical Activities": "Moderate",
    "Tolerance for Seasonal Weather": "Heat Intolerant",
    "Communication": "Less Vocal",
    "Memory": "Slow",
    "Emotional Temperament": "Calm",
    "Pulse": "Slow",
    "Body Temperature": "Low"
  },
  {
    "Prakruti type": "Tridosha",
    "Body Frame": "Broad",
    "Body weight": "Over Weight",
    "Skin": "Soft",
    "Hair": "Soft",
    "Teeth": "Big",
    "Eyes": "Small",
    "Nails": "Thick",
    "Tongue": "White",
    "Food Habits": "Excessive",
    "Thirst": "Excessive",
    "Bowl": "Dry",
    "Physical Activities": "Very Active",
    "Tolerance for Seasonal Weather": "Heat and Cold Intolerant",
    "Communication": "Less Vocal",
    "Memory": "Moderate",
    "Emotional Temperament": "Aggressive",
    "Pulse": "Feeble",
    "Body Temperature": "Moderate"
  },
  {
    "Prakruti type": "Vata-Kapha",
    "Body Frame": "Broad",
    "Body weight": "Over Weight",
    "Skin": "Thick",
    "Hair": "Strong",
    "Teeth": "Strong",
    "Eyes": "Big",
    "Nails": "Thick",
    "Tongue": "White",
    "Food Habits": "Stable",
    "Thirst": "Variable",
    "Bowl": "Dry",
    "Physical Activities": "Very Active",
    "Tolerance for Seasonal Weather": "Cold Intolerant",
    "Communication": "Talkative",
    "Memory": "Quick",
    "Emotional Temperament": "Fearful",
    "Pulse": "Feeble",
    "Body Temperature": "Moderate"
  },
  {
    "Prakruti type": "Pitha",
    "Body Frame": "Medium",
    "Body weight": "Moderate",
    "Skin": "Soft",
    "Hair": "Soft",
    "Teeth": "Strong",
    "Eyes": "Thick",
    "Nails": "Soft",
    "Tongue": "Red",
    "Food Habits": "Excessive",
    "Thirst": "Excessive",
    "Bowl": "Soft",
    "Physical Activities": "Very Active",
    "Tolerance for Seasonal Weather": "Heat and Cold Intolerant",
    "Communication": "Less Vocal",
    "Memory": "Moderate",
    "Emotional Temperament": "Aggressive",
    "Pulse": "Moderate",
    "Body Temperature": "High"
  },
  {
    "Prakruti type": "Kapha",
    "Body Frame": "Broad",
    "Body weight": "Over Weight",
    "Skin": "Thick",
    "Hair": "Strong",
    "Teeth": "Strong",
    "Eyes": "Big",
    "Nails": "Thick",
    "Tongue": "White",
    "Food Habits": "Stable",
    "Thirst": "Scanty",
    "Bowl": "Oily",
    "Physical Activities": "Lethargic",
    "Tolerance for Seasonal Weather": "Cold Intolerant",
    "Communication": "Sharp",
    "Memory": "Moderate",
    "Emotional Temperament": "Calm",
    "Pulse": "Slow",
    "Body Temperature": "Low"
  },
  {
    "Prakruti type": "Vata",
    "Body Frame": "Thin",
    "Body weight": "Moderate",
    "Skin": "Soft",
    "Hair": "Strong",
    "Teeth": "Big",
    "Eyes": "Small",
    "Nails": "Brittle",
    "Tongue": "Red",
    "Food Habits": "Frequent",
    "Thirst": "Variable",
    "Bowl": "Dry",
    "Physical Activities": "Very Active",
    "Tolerance for Seasonal Weather": "Cold Intolerant",
    "Communication": "Talkative",
    "Memory": "Slow",
    "Emotional Temperament": "Fearful",
    "Pulse": "Slow",
    "Body Temperature": "Moderate"
  },
  {
    "Prakruti type": "Pitha",
    "Body Frame": "Broad",
    "Body weight": "Over Weight",
    "Skin": "Soft",
    "Hair": "Soft",
    "Teeth": "Strong",
    "Eyes": "Big",
    "Nails": "Soft",
    "Tongue": "Red",
    "Food Habits": "Excessive",
    "Thirst": "Excessive",
    "Bowl": "Soft",
    "Physical Activities": "Moderate",
    "Tolerance for Seasonal Weather": "Heat Intolerant",
    "Communication": "Sharp",
    "Memory": "Moderate",
    "Emotional Temperament": "Calm",
    "Pulse": "Slow",
    "Body Temperature": "High"
  },
  {
    "Prakruti type": "Kapha",
    "Body Frame": "Thin",
    "Body weight": "Low",
    "Skin": "Thick",
    "Hair": "Strong",
    "Teeth": "Strong",
    "Eyes": "Big",
    "Nails": "Thick",
    "Tongue": "White",
    "Food Habits": "Stable",
    "Thirst": "Scanty",
    "Bowl": "Oily",
    "Physical Activities": "Very Active",
    "Tolerance for Seasonal Weather": "Cold Intolerant",
    "Communication": "Less Vocal",
    "Memory": "Quick",
    "Emotional Temperament": "Calm",
    "Pulse": "Slow",
    "Body Temperature": "Low"
  },
  {
    "Prakruti type": "Vata-Pitha",
    "Body Frame": "Medium",
    "Body weight": "Moderate",
    "Skin": "Soft",
    "Hair": "Soft",
    "Teeth": "Big",
    "Eyes": "Small",
    "Nails": "Brittle",
    "Tongue": "Cracked",
    "Food Habits": "Excessive",
    "Thirst": "Variable",
    "Bowl": "Dry",
    "Physical Activities": "Moderate",
    "Tolerance for Seasonal Weather": "Cold Intolerant",
    "Communication": "Talkative",
    "Memory": "Quick",
    "Emotional Temperament": "Aggressive",
    "Pulse": "Moderate",
    "Body Temperature": "High"
  },
  {
    "Prakruti type": "Vata-Kapha",
    "Body Frame": "Broad",
    "Body weight": "Over Weight",
    "Skin": "Dry",
    "Hair": "Dry",
    "Teeth": "Strong",
    "Eyes": "Big",
    "Nails": "Brittle",
    "Tongue": "Cracked",
    "Food Habits": "Excessive",
    "Thirst": "Variable",
    "Bowl": "Oily",
    "Physical Activities": "Lethargic",
    "Tolerance for Seasonal Weather": "Heat and Cold Intolerant",
    "Communication": "Less Vocal",
    "Memory": "Quick",
    "Emotional Temperament": "Fearful",
    "Pulse": "Slow",
    "Body Temperature": "Moderate"
  },
  {
    "Prakruti type": "Pitha-Kapha",
    "Body Frame": "Medium",
    "Body weight": "Moderate",
    "Skin": "Soft",
    "Hair": "Strong",
    "Teeth": "Strong",
    "Eyes": "Thick",
    "Nails": "Soft",
    "Tongue": "Cracked",
    "Food Habits": "Stable",
    "Thirst": "Scanty",
    "Bowl": "Soft",
    "Physical Activities": "Lethargic",
    "Tolerance for Seasonal Weather": "Heat Intolerant",
    "Communication": "Less Vocal",
    "Memory": "Moderate",
    "Emotional Temperament": "Fearful",
    "Pulse": "Slow",
    "Body Temperature": "Low"
  },
  {
    "Prakruti type": "Tridosha",
    "Body Frame": "Thin",
    "Body weight": "Moderate",
    "Skin": "Thick",
    "Hair": "Dry",
    "Teeth": "Strong",
    "Eyes": "Big",
    "Nails": "Brittle",
    "Tongue": "Red",
    "Food Habits": "Stable",
    "Thirst": "Variable",
    "Bowl": "Soft",
    "Physical Activities": "Lethargic",
    "Tolerance for Seasonal Weather": "Cold Intolerant",
    "Communication": "Sharp",
    "Memory": "Slow",
    "Emotional Temperament": "Fearful",
    "Pulse": "Moderate",
    "Body Temperature": "High"
  },
  {
    "Prakruti type": "Vata",
    "Body Frame": "Thin",
    "Body weight": "Over Weight",
    "Skin": "Thick",
    "Hair": "Dry",
    "Teeth": "Big",
    "Eyes": "Small",
    "Nails": "Soft",
    "Tongue": "White",
    "Food Habits": "Frequent",
    "Thirst": "Variable",
    "Bowl": "Dry",
    "Physical Activities": "Moderate",
    "Tolerance for Seasonal Weather": "Cold Intolerant",
    "Communication": "Talkative",
    "Memory": "Quick",
    "Emotional Temperament": "Fearful",
    "Pulse": "Feeble",
    "Body Temperature": "Moderate"
  },
  {
    "Prakruti type": "Pitha",
    "Body Frame": "Thin",
    "Body weight": "Moderate",
    "Skin": "Soft",
    "Hair": "Soft",
    "Teeth": "Strong",
    "Eyes": "Thick",
    "Nails": "Thick",
    "Tongue": "White",
    "Food Habits": "Stable",
    "Thirst": "Excessive",
    "Bowl": "Soft",
    "Physical Activities": "Moderate",
    "Tolerance for Seasonal Weather": "Heat Intolerant",
    "Communication": "Sharp",
    "Memory": "Moderate",
    "Emotional Temperament": "Aggressive",
    "Pulse": "Slow",
    "Body Temperature": "High"
  },
  {
    "Prakruti type": "Kapha",
    "Body Frame": "Broad",
    "Body weight": "Over Weight",
    "Skin": "Soft",
    "Hair": "Soft",
    "Teeth": "Strong",
    "Eyes": "Big",
    "Nails": "Soft",
    "Tongue": "White",
    "Food Habits": "Stable",
    "Thirst": "Scanty",
    "Bowl": "Oily",
    "Physical Activities": "Lethargic",
    "Tolerance for Seasonal Weather": "Heat Intolerant",
    "Communication": "Less Vocal",
    "Memory": "Quick",
    "Emotional Temperament": "Calm",
    "Pulse": "Slow",
    "Body Temperature": "Low"
  },
  {
    "Prakruti type": "Vata-Pitha",
    "Body Frame": "Medium",
    "Body weight": "Low",
    "Skin": "Dry",
    "Hair": "Soft",
    "Teeth": "Strong",
    "Eyes": "Big",
    "Nails": "Thick",
    "Tongue": "Cracked",
    "Food Habits": "Frequent",
    "Thirst": "Excessive",
    "Bowl": "Dry",
    "Physical Activities": "Moderate",
    "Tolerance for Seasonal Weather": "Cold Intolerant",
    "Communication": "Less Vocal",
    "Memory": "Moderate",
    "Emotional Temperament": "Fearful",
    "Pulse": "Moderate",
    "Body Temperature": "High"
  },
  {
    "Prakruti type": "Vata-Kapha",
    "Body Frame": "Thin",
    "Body weight": "Over Weight",
    "Skin": "Thick",
    "Hair": "Dry",
    "Teeth": "Big",
    "Eyes": "Small",
    "Nails": "Thick",
    "Tongue": "Cracked",
    "Food Habits": "Stable",
    "Thirst": "Scanty",
    "Bowl": "Dry",
    "Physical Activities": "Lethargic",
    "Tolerance for Seasonal Weather": "Cold Intolerant",
    "Communication": "Less Vocal",
    "Memory": "Quick",
    "Emotional Temperament": "Fearful",
    "Pulse": "Slow",
    "Body Temperature": "Moderate"
  },
  {
    "Prakruti type": "Pitha-Kapha",
    "Body Frame": "Broad",
    "Body weight": "Moderate",
    "Skin": "Thick",
    "Hair": "Soft",
    "Teeth": "Strong",
    "Eyes": "Thick",
    "Nails": "Thick",
    "Tongue": "White",
    "Food Habits": "Frequent",
    "Thirst": "Variable",
    "Bowl": "Dry",
    "Physical Activities": "Lethargic",
    "Tolerance for Seasonal Weather": "Heat Intolerant",
    "Communication": "Sharp",
    "Memory": "Slow",
    "Emotional Temperament": "Calm",
    "Pulse": "Moderate",
    "Body Temperature": "Low"
  },
  {
    "Prakruti type": "Tridosha",
    "Body Frame": "Broad",
    "Body weight": "Moderate",
    "Skin": "Dry",
    "Hair": "Strong",
    "Teeth": "Strong",
    "Eyes": "Small",
    "Nails": "Thick",
    "Tongue": "Red",
    "Food Habits": "Frequent",
    "Thirst": "Scanty",
    "Bowl": "Soft",
    "Physical Activities": "Very Active",
    "Tolerance for Seasonal Weather": "Heat and Cold Intolerant",
    "Communication": "Sharp",
    "Memory": "Quick",
    "Emotional Temperament": "Calm",
    "Pulse": "Moderate",
    "Body Temperature": "High"
  },
  {
    "Prakruti type": "Vata",
    "Body Frame": "Medium",
    "Body weight": "Low",
    "Skin": "Dry",
    "Hair": "Soft",
    "Teeth": "Strong",
    "Eyes": "Small",
    "Nails": "Soft",
    "Tongue": "White",
    "Food Habits": "Frequent",
    "Thirst": "Variable",
    "Bowl": "Dry",
    "Physical Activities": "Moderate",
    "Tolerance for Seasonal Weather": "Cold Intolerant",
    "Communication": "Talkative",
    "Memory": "Quick",
    "Emotional Temperament": "Fearful",
    "Pulse": "Feeble",
    "Body Temperature": "Moderate"
  },
  {
    "Prakruti type": "Pitha",
    "Body Frame": "Medium",
    "Body weight": "Moderate",
    "Skin": "Thick",
    "Hair": "Strong",
    "Teeth": "Strong",
    "Eyes": "Thick",
    "Nails": "Thick",
    "Tongue": "White",
    "Food Habits": "Stable",
    "Thirst": "Excessive",
    "Bowl": "Soft",
    "Physical Activities": "Moderate",
    "Tolerance for Seasonal Weather": "Heat Intolerant",
    "Communication": "Sharp",
    "Memory": "Moderate",
    "Emotional Temperament": "Aggressive",
    "Pulse": "Slow",
    "Body Temperature": "High"
  },
  {
    "Prakruti type": "Kapha",
    "Body Frame": "Broad",
    "Body weight": "Over Weight",
    "Skin": "Thick",
    "Hair": "Soft",
    "Teeth": "Big",
    "Eyes": "Big",
    "Nails": "Soft",
    "Tongue": "White",
    "Food Habits": "Stable",
    "Thirst": "Scanty",
    "Bowl": "Oily",
    "Physical Activities": "Lethargic",
    "Tolerance for Seasonal Weather": "Heat Intolerant",
    "Communication": "Less Vocal",
    "Memory": "Quick",
    "Emotional Temperament": "Calm",
    "Pulse": "Slow",
    "Body Temperature": "Low"
  },
  {
    "Prakruti type": "Vata-Pitha",
    "Body Frame": "Thin",
    "Body weight": "Moderate",
    "Skin": "Dry",
    "Hair": "Dry",
    "Teeth": "Big",
    "Eyes": "Big",
    "Nails": "Thick",
    "Tongue": "Cracked",
    "Food Habits": "Frequent",
    "Thirst": "Excessive",
    "Bowl": "Dry",
    "Physical Activities": "Moderate",
    "Tolerance for Seasonal Weather": "Cold Intolerant",
    "Communication": "Less Vocal",
    "Memory": "Moderate",
    "Emotional Temperament": "Fearful",
    "Pulse": "Moderate",
    "Body Temperature": "High"
  },
  {
    "Prakruti type": "Vata-Kapha",
    "Body Frame": "Thin",
    "Body weight": "Moderate",
    "Skin": "Dry",
    "Hair": "Strong",
    "Teeth": "Big",
    "Eyes": "Small",
    "Nails": "Thick",
    "Tongue": "Cracked",
    "Food Habits": "Stable",
    "Thirst": "Scanty",
    "Bowl": "Dry",
    "Physical Activities": "Lethargic",
    "Tolerance for Seasonal Weather": "Cold Intolerant",
    "Communication": "Less Vocal",
    "Memory": "Quick",
    "Emotional Temperament": "Fearful",
    "Pulse": "Slow",
    "Body Temperature": "Moderate"
  },
  {
    "Prakruti type": "Pitha-Kapha",
    "Body Frame": "Broad",
    "Body weight": "Moderate",
    "Skin": "Dry",
    "Hair": "Strong",
    "Teeth": "Strong",
    "Eyes": "Thick",
    "Nails": "Thick",
    "Tongue": "White",
    "Food Habits": "Frequent",
    "Thirst": "Variable",
    "Bowl": "Dry",
    "Physical Activities": "Lethargic",
    "Tolerance for Seasonal Weather": "Heat Intolerant",
    "Communication": "Sharp",
    "Memory": "Slow",
    "Emotional Temperament": "Calm",
    "Pulse": "Moderate",
    "Body Temperature": "Low"
  },
  {
    "Prakruti type": "Tridosha",
    "Body Frame": "Medium",
    "Body weight": "Over Weight",
    "Skin": "Dry",
    "Hair": "Soft",
    "Teeth": "Big",
    "Eyes": "Small",
    "Nails": "Thick",
    "Tongue": "Red",
    "Food Habits": "Frequent",
    "Thirst": "Scanty",
    "Bowl": "Soft",
    "Physical Activities": "Very Active",
    "Tolerance for Seasonal Weather": "Heat and Cold Intolerant",
    "Communication": "Sharp",
    "Memory": "Quick",
    "Emotional Temperament": "Calm",
    "Pulse": "Moderate",
    "Body Temperature": "High"
  },
  {
    "Prakruti type": "Vata",
    "Body Frame": "Medium",
    "Body weight": "Low",
    "Skin": "Dry",
    "Hair": "Soft",
    "Teeth": "Strong",
    "Eyes": "Thick",
    "Nails": "Brittle",
    "Tongue": "Cracked",
    "Food Habits": "Frequent",
    "Thirst": "Variable",
    "Bowl": "Dry",
    "Physical Activities": "Moderate",
    "Tolerance for Seasonal Weather": "Cold Intolerant",
    "Communication": "Talkative",
    "Memory": "Quick",
    "Emotional Temperament": "Fearful",
    "Pulse": "Feeble",
    "Body Temperature": "Moderate"
  },
  {
    "Prakruti type": "Pitha",
    "Body Frame": "Medium",
    "Body weight": "Moderate",
    "Skin": "Thick",
    "Hair": "Strong",
    "Teeth": "Strong",
    "Eyes": "Big",
    "Nails": "Soft",
    "Tongue": "Red",
    "Food Habits": "Excessive",
    "Thirst": "Excessive",
    "Bowl": "Soft",
    "Physical Activities": "Moderate",
    "Tolerance for Seasonal Weather": "Heat Intolerant",
    "Communication": "Sharp",
    "Memory": "Moderate",
    "Emotional Temperament": "Aggressive",
    "Pulse": "Slow",
    "Body Temperature": "High"
  },
  {
    "Prakruti type": "Kapha",
    "Body Frame": "Broad",
    "Body weight": "Over Weight",
    "Skin": "Thick",
    "Hair": "Soft",
    "Teeth": "Big",
    "Eyes": "Thick",
    "Nails": "Thick",
    "Tongue": "Red",
    "Food Habits": "Stable",
    "Thirst": "Scanty",
    "Bowl": "Oily",
    "Physical Activities": "Lethargic",
    "Tolerance for Seasonal Weather": "Heat Intolerant",
    "Communication": "Less Vocal",
    "Memory": "Quick",
    "Emotional Temperament": "Calm",
    "Pulse": "Slow",
    "Body Temperature": "Low"
  },
  {
    "Prakruti type": "Vata-Pitha",
    "Body Frame": "Thin",
    "Body weight": "Moderate",
    "Skin": "Dry",
    "Hair": "Dry",
    "Teeth": "Big",
    "Eyes": "Thick",
    "Nails": "Soft",
    "Tongue": "Red",
    "Food Habits": "Frequent",
    "Thirst": "Excessive",
    "Bowl": "Dry",
    "Physical Activities": "Moderate",
    "Tolerance for Seasonal Weather": "Cold Intolerant",
    "Communication": "Less Vocal",
    "Memory": "Moderate",
    "Emotional Temperament": "Fearful",
    "Pulse": "Moderate",
    "Body Temperature": "High"
  },
  {
    "Prakruti type": "Vata-Kapha",
    "Body Frame": "Thin",
    "Body weight": "Moderate",
    "Skin": "Dry",
    "Hair": "Strong",
    "Teeth": "Big",
    "Eyes": "Big",
    "Nails": "Brittle",
    "Tongue": "White",
    "Food Habits": "Stable",
    "Thirst": "Scanty",
    "Bowl": "Dry",
    "Physical Activities": "Lethargic",
    "Tolerance for Seasonal Weather": "Cold Intolerant",
    "Communication": "Less Vocal",
    "Memory": "Quick",
    "Emotional Temperament": "Fearful",
    "Pulse": "Slow",
    "Body Temperature": "Moderate"
  },
  {
    "Prakruti type": "Pitha-Kapha",
    "Body Frame": "Broad",
    "Body weight": "Moderate",
    "Skin": "Dry",
    "Hair": "Strong",
    "Teeth": "Strong",
    "Eyes": "Big",
    "Nails": "Soft",
    "Tongue": "Red",
    "Food Habits": "Frequent",
    "Thirst": "Variable",
    "Bowl": "Dry",
    "Physical Activities": "Lethargic",
    "Tolerance for Seasonal Weather": "Heat Intolerant",
    "Communication": "Sharp",
    "Memory": "Slow",
    "Emotional Temperament": "Calm",
    "Pulse": "Moderate",
    "Body Temperature": "Low"
  },
  {
    "Prakruti type": "Tridosha",
    "Body Frame": "Medium",
    "Body weight": "Over Weight",
    "Skin": "Dry",
    "Hair": "Soft",
    "Teeth": "Big",
    "Eyes": "Big",
    "Nails": "Soft",
    "Tongue": "White",
    "Food Habits": "Frequent",
    "Thirst": "Scanty",
    "Bowl": "Soft",
    "Physical Activities": "Very Active",
    "Tolerance for Seasonal Weather": "Heat and Cold Intolerant",
    "Communication": "Sharp",
    "Memory": "Quick",
    "Emotional Temperament": "Calm",
    "Pulse": "Moderate",
    "Body Temperature": "High"
  },
  {
    "Prakruti type": "Vata",
    "Body Frame": "Thin",
    "Body weight": "Moderate",
    "Skin": "Soft",
    "Hair": "Dry",
    "Teeth": "Strong",
    "Eyes": "Thick",
    "Nails": "Brittle",
    "Tongue": "Cracked",
    "Food Habits": "Frequent",
    "Thirst": "Variable",
    "Bowl": "Dry",
    "Physical Activities": "Moderate",
    "Tolerance for Seasonal Weather": "Cold Intolerant",
    "Communication": "Talkative",
    "Memory": "Quick",
    "Emotional Temperament": "Fearful",
    "Pulse": "Feeble",
    "Body Temperature": "Moderate"
  },
  {
    "Prakruti type": "Pitha",
    "Body Frame": "Broad",
    "Body weight": "Moderate",
    "Skin": "Soft",
    "Hair": "Strong",
    "Teeth": "Strong",
    "Eyes": "Big",
    "Nails": "Soft",
    "Tongue": "Red",
    "Food Habits": "Excessive",
    "Thirst": "Excessive",
    "Bowl": "Soft",
    "Physical Activities": "Moderate",
    "Tolerance for Seasonal Weather": "Heat Intolerant",
    "Communication": "Sharp",
    "Memory": "Moderate",
    "Emotional Temperament": "Aggressive",
    "Pulse": "Slow",
    "Body Temperature": "High"
  },
  {
    "Prakruti type": "Kapha",
    "Body Frame": "Broad",
    "Body weight": "Over Weight",
    "Skin": "Thick",
    "Hair": "Soft",
    "Teeth": "Big",
    "Eyes": "Thick",
    "Nails": "Thick",
    "Tongue": "Red",
    "Food Habits": "Excessive",
    "Thirst": "Variable",
    "Bowl": "Oily",
    "Physical Activities": "Moderate",
    "Tolerance for Seasonal Weather": "Heat Intolerant",
    "Communication": "Less Vocal",
    "Memory": "Quick",
    "Emotional Temperament": "Calm",
    "Pulse": "Slow",
    "Body Temperature": "Low"
  },
  {
    "Prakruti type": "Vata-Pitha",
    "Body Frame": "Thin",
    "Body weight": "Moderate",
    "Skin": "Dry",
    "Hair": "Dry",
    "Teeth": "Big",
    "Eyes": "Thick",
    "Nails": "Soft",
    "Tongue": "Red",
    "Food Habits": "Excessive",
    "Thirst": "Variable",
    "Bowl": "Soft",
    "Physical Activities": "Moderate",
    "Tolerance for Seasonal Weather": "Cold Intolerant",
    "Communication": "Less Vocal",
    "Memory": "Moderate",
    "Emotional Temperament": "Fearful",
    "Pulse": "Moderate",
    "Body Temperature": "High"
  },
  {
    "Prakruti type": "Vata-Kapha",
    "Body Frame": "Thin",
    "Body weight": "Moderate",
    "Skin": "Dry",
    "Hair": "Strong",
    "Teeth": "Big",
    "Eyes": "Big",
    "Nails": "Brittle",
    "Tongue": "White",
    "Food Habits": "Frequent",
    "Thirst": "Variable",
    "Bowl": "Oily",
    "Physical Activities": "Lethargic",
    "Tolerance for Seasonal Weather": "Cold Intolerant",
    "Communication": "Less Vocal",
    "Memory": "Quick",
    "Emotional Temperament": "Fearful",
    "Pulse": "Slow",
    "Body Temperature": "Moderate"
  },
  {
    "Prakruti type": "Pitha-Kapha",
    "Body Frame": "Broad",
    "Body weight": "Moderate",
    "Skin": "Dry",
    "Hair": "Strong",
    "Teeth": "Strong",
    "Eyes": "Big",
    "Nails": "Soft",
    "Tongue": "Red",
    "Food Habits": "Excessive",
    "Thirst": "Variable",
    "Bowl": "Oily",
    "Physical Activities": "Lethargic",
    "Tolerance for Seasonal Weather": "Heat Intolerant",
    "Communication": "Sharp",
    "Memory": "Slow",
    "Emotional Temperament": "Calm",
    "Pulse": "Moderate",
    "Body Temperature": "Low"
  },
  {
    "Prakruti type": "Tridosha",
    "Body Frame": "Medium",
    "Body weight": "Over Weight",
    "Skin": "Dry",
    "Hair": "Soft",
    "Teeth": "Big",
    "Eyes": "Big",
    "Nails": "Soft",
    "Tongue": "White",
    "Food Habits": "Stable",
    "Thirst": "Variable",
    "Bowl": "Dry",
    "Physical Activities": "Very Active",
    "Tolerance for Seasonal Weather": "Heat and Cold Intolerant",
    "Communication": "Sharp",
    "Memory": "Quick",
    "Emotional Temperament": "Calm",
    "Pulse": "Moderate",
    "Body Temperature": "High"
  },
  {
    "Prakruti type": "Vata",
    "Body Frame": "Thin",
    "Body weight": "Moderate",
    "Skin": "Soft",
    "Hair": "Dry",
    "Teeth": "Strong",
    "Eyes": "Thick",
    "Nails": "Brittle",
    "Tongue": "Cracked",
    "Food Habits": "Frequent",
    "Thirst": "Variable",
    "Bowl": "Dry",
    "Physical Activities": "Very Active",
    "Tolerance for Seasonal Weather": "Heat Intolerant",
    "Communication": "Sharp",
    "Memory": "Quick",
    "Emotional Temperament": "Fearful",
    "Pulse": "Feeble",
    "Body Temperature": "Moderate"
  },
  {
    "Prakruti type": "Pitha",
    "Body Frame": "Broad",
    "Body weight": "Moderate",
    "Skin": "Soft",
    "Hair": "Strong",
    "Teeth": "Strong",
    "Eyes": "Big",
    "Nails": "Soft",
    "Tongue": "Red",
    "Food Habits": "Excessive",
    "Thirst": "Excessive",
    "Bowl": "Soft",
    "Physical Activities": "Lethargic",
    "Tolerance for Seasonal Weather": "Heat Intolerant",
    "Communication": "Sharp",
    "Memory": "Moderate",
    "Emotional Temperament": "Aggressive",
    "Pulse": "Slow",
    "Body Temperature": "High"
  },
  {
    "Prakruti type": "Kapha",
    "Body Frame": "Broad",
    "Body weight": "Over Weight",
    "Skin": "Thick",
    "Hair": "Soft",
    "Teeth": "Big",
    "Eyes": "Thick",
    "Nails": "Thick",
    "Tongue": "Red",
    "Food Habits": "Excessive",
    "Thirst": "Variable",
    "Bowl": "Oily",
    "Physical Activities": "Lethargic",
    "Tolerance for Seasonal Weather": "Heat and Cold Intolerant",
    "Communication": "Less Vocal",
    "Memory": "Quick",
    "Emotional Temperament": "Calm",
    "Pulse": "Slow",
    "Body Temperature": "Low"
  },
  {
    "Prakruti type": "Vata-Pitha",
    "Body Frame": "Thin",
    "Body weight": "Moderate",
    "Skin": "Dry",
    "Hair": "Dry",
    "Teeth": "Big",
    "Eyes": "Thick",
    "Nails": "Soft",
    "Tongue": "Red",
    "Food Habits": "Excessive",
    "Thirst": "Variable",
    "Bowl": "Soft",
    "Physical Activities": "Very Active",
    "Tolerance for Seasonal Weather": "Heat and Cold Intolerant",
    "Communication": "Talkative",
    "Memory": "Moderate",
    "Emotional Temperament": "Fearful",
    "Pulse": "Moderate",
    "Body Temperature": "High"
  },
  {
    "Prakruti type": "Vata-Kapha",
    "Body Frame": "Thin",
    "Body weight": "Moderate",
    "Skin": "Dry",
    "Hair": "Strong",
    "Teeth": "Big",
    "Eyes": "Big",
    "Nails": "Brittle",
    "Tongue": "White",
    "Food Habits": "Frequent",
    "Thirst": "Variable",
    "Bowl": "Oily",
    "Physical Activities": "Very Active",
    "Tolerance for Seasonal Weather": "Heat Intolerant",
    "Communication": "Talkative",
    "Memory": "Quick",
    "Emotional Temperament": "Fearful",
    "Pulse": "Slow",
    "Body Temperature": "Moderate"
  },
  {
    "Prakruti type": "Pitha-Kapha",
    "Body Frame": "Broad",
    "Body weight": "Moderate",
    "Skin": "Dry",
    "Hair": "Strong",
    "Teeth": "Strong",
    "Eyes": "Big",
    "Nails": "Soft",
    "Tongue": "Red",
    "Food Habits": "Excessive",
    "Thirst": "Variable",
    "Bowl": "Oily",
    "Physical Activities": "Moderate",
    "Tolerance for Seasonal Weather": "Cold Intolerant",
    "Communication": "Less Vocal",
    "Memory": "Slow",
    "Emotional Temperament": "Calm",
    "Pulse": "Moderate",
    "Body Temperature": "Low"
  },
  {
    "Prakruti type": "Tridosha",
    "Body Frame": "Medium",
    "Body weight": "Over Weight",
    "Skin": "Dry",
    "Hair": "Soft",
    "Teeth": "Big",
    "Eyes": "Big",
    "Nails": "Soft",
    "Tongue": "White",
    "Food Habits": "Stable",
    "Thirst": "Variable",
    "Bowl": "Dry",
    "Physical Activities": "Lethargic",
    "Tolerance for Seasonal Weather": "Cold Intolerant",
    "Communication": "Less Vocal",
    "Memory": "Quick",
    "Emotional Temperament": "Calm",
    "Pulse": "Moderate",
    "Body Temperature": "High"
  },
  {
    "Prakruti type": "Vata",
    "Body Frame": "Thin",
    "Body weight": "Moderate",
    "Skin": "Soft",
    "Hair": "Dry",
    "Teeth": "Strong",
    "Eyes": "Thick",
    "Nails": "Brittle",
    "Tongue": "Cracked",
    "Food Habits": "Frequent",
    "Thirst": "Variable",
    "Bowl": "Dry",
    "Physical Activities": "Very Active",
    "Tolerance for Seasonal Weather": "Heat Intolerant",
    "Communication": "Talkative",
    "Memory": "Moderate",
    "Emotional Temperament": "Fearful",
    "Pulse": "Feeble",
    "Body Temperature": "High"
  },
  {
    "Prakruti type": "Pitha",
    "Body Frame": "Broad",
    "Body weight": "Moderate",
    "Skin": "Soft",
    "Hair": "Strong",
    "Teeth": "Strong",
    "Eyes": "Big",
    "Nails": "Soft",
    "Tongue": "Red",
    "Food Habits": "Excessive",
    "Thirst": "Excessive",
    "Bowl": "Soft",
    "Physical Activities": "Moderate",
    "Tolerance for Seasonal Weather": "Heat Intolerant",
    "Communication": "Sharp",
    "Memory": "Moderate",
    "Emotional Temperament": "Calm",
    "Pulse": "Moderate",
    "Body Temperature": "High"
  },
  {
    "Prakruti type": "Kapha",
    "Body Frame": "Broad",
    "Body weight": "Over Weight",
    "Skin": "Thick",
    "Hair": "Soft",
    "Teeth": "Big",
    "Eyes": "Thick",
    "Nails": "Thick",
    "Tongue": "Red",
    "Food Habits": "Excessive",
    "Thirst": "Variable",
    "Bowl": "Oily",
    "Physical Activities": "Lethargic",
    "Tolerance for Seasonal Weather": "Heat and Cold Intolerant",
    "Communication": "Less Vocal",
    "Memory": "Slow",
    "Emotional Temperament": "Calm",
    "Pulse": "Feeble",
    "Body Temperature": "Moderate"
  },
  {
    "Prakruti type": "Vata-Pitha",
    "Body Frame": "Thin",
    "Body weight": "Moderate",
    "Skin": "Dry",
    "Hair": "Dry",
    "Teeth": "Big",
    "Eyes": "Thick",
    "Nails": "Soft",
    "Tongue": "Red",
    "Food Habits": "Excessive",
    "Thirst": "Variable",
    "Bowl": "Soft",
    "Physical Activities": "Very Active",
    "Tolerance for Seasonal Weather": "Heat and Cold Intolerant",
    "Communication": "Talkative",
    "Memory": "Slow",
    "Emotional Temperament": "Fearful",
    "Pulse": "Feeble",
    "Body Temperature": "Low"
  },
  {
    "Prakruti type": "Vata-Kapha",
    "Body Frame": "Thin",
    "Body weight": "Moderate",
    "Skin": "Dry",
    "Hair": "Strong",
    "Teeth": "Big",
    "Eyes": "Big",
    "Nails": "Brittle",
    "Tongue": "White",
    "Food Habits": "Frequent",
    "Thirst": "Variable",
    "Bowl": "Oily",
    "Physical Activities": "Very Active",
    "Tolerance for Seasonal Weather": "Heat Intolerant",
    "Communication": "Less Vocal",
    "Memory": "Moderate",
    "Emotional Temperament": "Fearful",
    "Pulse": "Slow",
    "Body Temperature": "High"
  },
  {
    "Prakruti type": "Pitha-Kapha",
    "Body Frame": "Broad",
    "Body weight": "Moderate",
    "Skin": "Dry",
    "Hair": "Strong",
    "Teeth": "Strong",
    "Eyes": "Big",
    "Nails": "Soft",
    "Tongue": "Red",
    "Food Habits": "Excessive",
    "Thirst": "Variable",
    "Bowl": "Oily",
    "Physical Activities": "Moderate",
    "Tolerance for Seasonal Weather": "Cold Intolerant",
    "Communication": "Less Vocal",
    "Memory": "Quick",
    "Emotional Temperament": "Aggressive",
    "Pulse": "Slow",
    "Body Temperature": "Moderate"
  },
  {
    "Prakruti type": "Tridosha",
    "Body Frame": "Medium",
    "Body weight": "Over Weight",
    "Skin": "Dry",
    "Hair": "Soft",
    "Teeth": "Big",
    "Eyes": "Big",
    "Nails": "Soft",
    "Tongue": "White",
    "Food Habits": "Stable",
    "Thirst": "Variable",
    "Bowl": "Dry",
    "Physical Activities": "Lethargic",
    "Tolerance for Seasonal Weather": "Cold Intolerant",
    "Communication": "Sharp",
    "Memory": "Slow",
    "Emotional Temperament": "Aggressive",
    "Pulse": "Feeble",
    "Body Temperature": "Low"
  },
  {
    "Prakruti type": "Vata",
    "Body Frame": "Broad",
    "Body weight": "Moderate",
    "Skin": "Dry",
    "Hair": "Dry",
    "Teeth": "Big",
    "Eyes": "Thick",
    "Nails": "Brittle",
    "Tongue": "Cracked",
    "Food Habits": "Frequent",
    "Thirst": "Variable",
    "Bowl": "Dry",
    "Physical Activities": "Very Active",
    "Tolerance for Seasonal Weather": "Heat Intolerant",
    "Communication": "Talkative",
    "Memory": "Moderate",
    "Emotional Temperament": "Fearful",
    "Pulse": "Feeble",
    "Body Temperature": "High"
  },
  {
    "Prakruti type": "Pitha",
    "Body Frame": "Medium",
    "Body weight": "Moderate",
    "Skin": "Thick",
    "Hair": "Strong",
    "Teeth": "Strong",
    "Eyes": "Big",
    "Nails": "Soft",
    "Tongue": "Red",
    "Food Habits": "Excessive",
    "Thirst": "Excessive",
    "Bowl": "Soft",
    "Physical Activities": "Moderate",
    "Tolerance for Seasonal Weather": "Heat Intolerant",
    "Communication": "Sharp",
    "Memory": "Moderate",
    "Emotional Temperament": "Calm",
    "Pulse": "Moderate",
    "Body Temperature": "High"
  },
  {
    "Prakruti type": "Kapha",
    "Body Frame": "Thin",
    "Body weight": "Over Weight",
    "Skin": "Dry",
    "Hair": "Soft",
    "Teeth": "Strong",
    "Eyes": "Thick",
    "Nails": "Thick",
    "Tongue": "Red",
    "Food Habits": "Excessive",
    "Thirst": "Variable",
    "Bowl": "Oily",
    "Physical Activities": "Lethargic",
    "Tolerance for Seasonal Weather": "Heat and Cold Intolerant",
    "Communication": "Less Vocal",
    "Memory": "Slow",
    "Emotional Temperament": "Calm",
    "Pulse": "Feeble",
    "Body Temperature": "Moderate"
  },
  {
    "Prakruti type": "Vata-Pitha",
    "Body Frame": "Medium",
    "Body weight": "Moderate",
    "Skin": "Soft",
    "Hair": "Dry",
    "Teeth": "Strong",
    "Eyes": "Thick",
    "Nails": "Soft",
    "Tongue": "Red",
    "Food Habits": "Excessive",
    "Thirst": "Variable",
    "Bowl": "Soft",
    "Physical Activities": "Very Active",
    "Tolerance for Seasonal Weather": "Heat and Cold Intolerant",
    "Communication": "Talkative",
    "Memory": "Slow",
    "Emotional Temperament": "Fearful",
    "Pulse": "Feeble",
    "Body Temperature": "Low"
  },
  {
    "Prakruti type": "Vata-Kapha",
    "Body Frame": "Broad",
    "Body weight": "Moderate",
    "Skin": "Thick",
    "Hair": "Strong",
    "Teeth": "Strong",
    "Eyes": "Big",
    "Nails": "Brittle",
    "Tongue": "White",
    "Food Habits": "Frequent",
    "Thirst": "Variable",
    "Bowl": "Oily",
    "Physical Activities": "Very Active",
    "Tolerance for Seasonal Weather": "Heat Intolerant",
    "Communication": "Less Vocal",
    "Memory": "Moderate",
    "Emotional Temperament": "Fearful",
    "Pulse": "Slow",
    "Body Temperature": "High"
  },
  {
    "Prakruti type": "Pitha-Kapha",
    "Body Frame": "Thin",
    "Body weight": "Moderate",
    "Skin": "Soft",
    "Hair": "Strong",
    "Teeth": "Strong",
    "Eyes": "Big",
    "Nails": "Soft",
    "Tongue": "Red",
    "Food Habits": "Excessive",
    "Thirst": "Variable",
    "Bowl": "Oily",
    "Physical Activities": "Moderate",
    "Tolerance for Seasonal Weather": "Cold Intolerant",
    "Communication": "Less Vocal",
    "Memory": "Quick",
    "Emotional Temperament": "Aggressive",
    "Pulse": "Slow",
    "Body Temperature": "Moderate"
  },
  {
    "Prakruti type": "Tridosha",
    "Body Frame": "Thin",
    "Body weight": "Over Weight",
    "Skin": "Thick",
    "Hair": "Soft",
    "Teeth": "Big",
    "Eyes": "Big",
    "Nails": "Soft",
    "Tongue": "White",
    "Food Habits": "Stable",
    "Thirst": "Variable",
    "Bowl": "Dry",
    "Physical Activities": "Lethargic",
    "Tolerance for Seasonal Weather": "Cold Intolerant",
    "Communication": "Sharp",
    "Memory": "Slow",
    "Emotional Temperament": "Aggressive",
    "Pulse": "Feeble",
    "Body Temperature": "Low"
  },
  {
    "Prakruti type": "Vata",
    "Body Frame": "Broad",
    "Body weight": "Low",
    "Skin": "Dry",
    "Hair": "Soft",
    "Teeth": "Big",
    "Eyes": "Small",
    "Nails": "Brittle",
    "Tongue": "Cracked",
    "Food Habits": "Frequent",
    "Thirst": "Variable",
    "Bowl": "Dry",
    "Physical Activities": "Very Active",
    "Tolerance for Seasonal Weather": "Heat Intolerant",
    "Communication": "Talkative",
    "Memory": "Moderate",
    "Emotional Temperament": "Fearful",
    "Pulse": "Feeble",
    "Body Temperature": "High"
  },
  {
    "Prakruti type": "Pitha",
    "Body Frame": "Medium",
    "Body weight": "Moderate",
    "Skin": "Thick",
    "Hair": "Soft",
    "Teeth": "Strong",
    "Eyes": "Thick",
    "Nails": "Soft",
    "Tongue": "Red",
    "Food Habits": "Excessive",
    "Thirst": "Excessive",
    "Bowl": "Soft",
    "Physical Activities": "Moderate",
    "Tolerance for Seasonal Weather": "Heat Intolerant",
    "Communication": "Sharp",
    "Memory": "Moderate",
    "Emotional Temperament": "Calm",
    "Pulse": "Moderate",
    "Body Temperature": "High"
  },
  {
    "Prakruti type": "Kapha",
    "Body Frame": "Thin",
    "Body weight": "Low",
    "Skin": "Dry",
    "Hair": "Strong",
    "Teeth": "Strong",
    "Eyes": "Big",
    "Nails": "Thick",
    "Tongue": "Red",
    "Food Habits": "Excessive",
    "Thirst": "Variable",
    "Bowl": "Oily",
    "Physical Activities": "Lethargic",
    "Tolerance for Seasonal Weather": "Heat and Cold Intolerant",
    "Communication": "Less Vocal",
    "Memory": "Slow",
    "Emotional Temperament": "Calm",
    "Pulse": "Feeble",
    "Body Temperature": "Moderate"
  },
  {
    "Prakruti type": "Vata-Pitha",
    "Body Frame": "Medium",
    "Body weight": "Low",
    "Skin": "Soft",
    "Hair": "Soft",
    "Teeth": "Strong",
    "Eyes": "Big",
    "Nails": "Soft",
    "Tongue": "Red",
    "Food Habits": "Excessive",
    "Thirst": "Variable",
    "Bowl": "Soft",
    "Physical Activities": "Very Active",
    "Tolerance for Seasonal Weather": "Heat and Cold Intolerant",
    "Communication": "Talkative",
    "Memory": "Slow",
    "Emotional Temperament": "Fearful",
    "Pulse": "Feeble",
    "Body Temperature": "Low"
  },
  {
    "Prakruti type": "Vata-Kapha",
    "Body Frame": "Broad",
    "Body weight": "Over Weight",
    "Skin": "Thick",
    "Hair": "Dry",
    "Teeth": "Strong",
    "Eyes": "Small",
    "Nails": "Brittle",
    "Tongue": "White",
    "Food Habits": "Frequent",
    "Thirst": "Variable",
    "Bowl": "Oily",
    "Physical Activities": "Very Active",
    "Tolerance for Seasonal Weather": "Heat Intolerant",
    "Communication": "Less Vocal",
    "Memory": "Moderate",
    "Emotional Temperament": "Fearful",
    "Pulse": "Slow",
    "Body Temperature": "High"
  },
  {
    "Prakruti type": "Pitha-Kapha",
    "Body Frame": "Thin",
    "Body weight": "Over Weight",
    "Skin": "Soft",
    "Hair": "Soft",
    "Teeth": "Strong",
    "Eyes": "Thick",
    "Nails": "Soft",
    "Tongue": "Red",
    "Food Habits": "Excessive",
    "Thirst": "Variable",
    "Bowl": "Oily",
    "Physical Activities": "Moderate",
    "Tolerance for Seasonal Weather": "Cold Intolerant",
    "Communication": "Less Vocal",
    "Memory": "Quick",
    "Emotional Temperament": "Aggressive",
    "Pulse": "Slow",
    "Body Temperature": "Moderate"
  },
  {
    "Prakruti type": "Tridosha",
    "Body Frame": "Thin",
    "Body weight": "Low",
    "Skin": "Thick",
    "Hair": "Dry",
    "Teeth": "Big",
    "Eyes": "Thick",
    "Nails": "Soft",
    "Tongue": "White",
    "Food Habits": "Stable",
    "Thirst": "Variable",
    "Bowl": "Dry",
    "Physical Activities": "Lethargic",
    "Tolerance for Seasonal Weather": "Cold Intolerant",
    "Communication": "Sharp",
    "Memory": "Slow",
    "Emotional Temperament": "Aggressive",
    "Pulse": "Feeble",
    "Body Temperature": "Low"
  },
  {
    "Prakruti type": "Vata",
    "Body Frame": "Broad",
    "Body weight": "Low",
    "Skin": "Dry",
    "Hair": "Soft",
    "Teeth": "Big",
    "Eyes": "Small",
    "Nails": "Brittle",
    "Tongue": "Cracked",
    "Food Habits": "Frequent",
    "Thirst": "Variable",
    "Bowl": "Dry",
    "Physical Activities": "Moderate",
    "Tolerance for Seasonal Weather": "Heat Intolerant",
    "Communication": "Sharp",
    "Memory": "Moderate",
    "Emotional Temperament": "Fearful",
    "Pulse": "Feeble",
    "Body Temperature": "High"
  },
  {
    "Prakruti type": "Pitha",
    "Body Frame": "Medium",
    "Body weight": "Moderate",
    "Skin": "Thick",
    "Hair": "Soft",
    "Teeth": "Strong",
    "Eyes": "Thick",
    "Nails": "Soft",
    "Tongue": "Red",
    "Food Habits": "Excessive",
    "Thirst": "Excessive",
    "Bowl": "Soft",
    "Physical Activities": "Lethargic",
    "Tolerance for Seasonal Weather": "Heat Intolerant",
    "Communication": "Sharp",
    "Memory": "Moderate",
    "Emotional Temperament": "Calm",
    "Pulse": "Moderate",
    "Body Temperature": "High"
  },
  {
    "Prakruti type": "Kapha",
    "Body Frame": "Thin",
    "Body weight": "Low",
    "Skin": "Dry",
    "Hair": "Strong",
    "Teeth": "Strong",
    "Eyes": "Big",
    "Nails": "Thick",
    "Tongue": "Red",
    "Food Habits": "Excessive",
    "Thirst": "Variable",
    "Bowl": "Oily",
    "Physical Activities": "Very Active",
    "Tolerance for Seasonal Weather": "Heat and Cold Intolerant",
    "Communication": "Talkative",
    "Memory": "Slow",
    "Emotional Temperament": "Calm",
    "Pulse": "Feeble",
    "Body Temperature": "Moderate"
  },
  {
    "Prakruti type": "Vata-Pitha",
    "Body Frame": "Medium",
    "Body weight": "Low",
    "Skin": "Soft",
    "Hair": "Soft",
    "Teeth": "Strong",
    "Eyes": "Big",
    "Nails": "Soft",
    "Tongue": "Red",
    "Food Habits": "Excessive",
    "Thirst": "Variable",
    "Bowl": "Soft",
    "Physical Activities": "Moderate",
    "Tolerance for Seasonal Weather": "Heat and Cold Intolerant",
    "Communication": "Sharp",
    "Memory": "Slow",
    "Emotional Temperament": "Aggressive",
    "Pulse": "Feeble",
    "Body Temperature": "Low"
  },
  {
    "Prakruti type": "Vata-Kapha",
    "Body Frame": "Broad",
    "Body weight": "Over Weight",
    "Skin": "Thick",
    "Hair": "Dry",
    "Teeth": "Strong",
    "Eyes": "Small",
    "Nails": "Brittle",
    "Tongue": "White",
    "Food Habits": "Frequent",
    "Thirst": "Variable",
    "Bowl": "Oily",
    "Physical Activities": "Lethargic",
    "Tolerance for Seasonal Weather": "Heat Intolerant",
    "Communication": "Talkative",
    "Memory": "Moderate",
    "Emotional Temperament": "Calm",
    "Pulse": "Slow",
    "Body Temperature": "High"
  },
  {
    "Prakruti type": "Pitha-Kapha",
    "Body Frame": "Thin",
    "Body weight": "Over Weight",
    "Skin": "Soft",
    "Hair": "Soft",
    "Teeth": "Strong",
    "Eyes": "Thick",
    "Nails": "Soft",
    "Tongue": "Red",
    "Food Habits": "Excessive",
    "Thirst": "Variable",
    "Bowl": "Oily",
    "Physical Activities": "Lethargic",
    "Tolerance for Seasonal Weather": "Cold Intolerant",
    "Communication": "Sharp",
    "Memory": "Quick",
    "Emotional Temperament": "Calm",
    "Pulse": "Slow",
    "Body Temperature": "Moderate"
  },
  {
    "Prakruti type": "Tridosha",
    "Body Frame": "Thin",
    "Body weight": "Low",
    "Skin": "Thick",
    "Hair": "Dry",
    "Teeth": "Big",
    "Eyes": "Thick",
    "Nails": "Soft",
    "Tongue": "White",
    "Food Habits": "Stable",
    "Thirst": "Variable",
    "Bowl": "Dry",
    "Physical Activities": "Moderate",
    "Tolerance for Seasonal Weather": "Cold Intolerant",
    "Communication": "Talkative",
    "Memory": "Slow",
    "Emotional Temperament": "Fearful",
    "Pulse": "Feeble",
    "Body Temperature": "Low"
  },
  {
    "Prakruti type": "Vata",
    "Body Frame": "Broad",
    "Body weight": "Low",
    "Skin": "Dry",
    "Hair": "Soft",
    "Teeth": "Big",
    "Eyes": "Small",
    "Nails": "Brittle",
    "Tongue": "Cracked",
    "Food Habits": "Frequent",
    "Thirst": "Variable",
    "Bowl": "Dry",
    "Physical Activities": "Moderate",
    "Tolerance for Seasonal Weather": "Heat Intolerant",
    "Communication": "Sharp",
    "Memory": "Quick",
    "Emotional Temperament": "Fearful",
    "Pulse": "Slow",
    "Body Temperature": "High"
  },
  {
    "Prakruti type": "Pitha",
    "Body Frame": "Medium",
    "Body weight": "Moderate",
    "Skin": "Thick",
    "Hair": "Soft",
    "Teeth": "Strong",
    "Eyes": "Thick",
    "Nails": "Soft",
    "Tongue": "Red",
    "Food Habits": "Excessive",
    "Thirst": "Excessive",
    "Bowl": "Soft",
    "Physical Activities": "Lethargic",
    "Tolerance for Seasonal Weather": "Heat Intolerant",
    "Communication": "Sharp",
    "Memory": "Moderate",
    "Emotional Temperament": "Calm",
    "Pulse": "Feeble",
    "Body Temperature": "High"
  },
  {
    "Prakruti type": "Kapha",
    "Body Frame": "Thin",
    "Body weight": "Low",
    "Skin": "Dry",
    "Hair": "Strong",
    "Teeth": "Strong",
    "Eyes": "Big",
    "Nails": "Thick",
    "Tongue": "Red",
    "Food Habits": "Excessive",
    "Thirst": "Variable",
    "Bowl": "Oily",
    "Physical Activities": "Very Active",
    "Tolerance for Seasonal Weather": "Heat and Cold Intolerant",
    "Communication": "Talkative",
    "Memory": "Quick",
    "Emotional Temperament": "Calm",
    "Pulse": "Slow",
    "Body Temperature": "Moderate"
  },
  {
    "Prakruti type": "Vata-Pitha",
    "Body Frame": "Medium",
    "Body weight": "Low",
    "Skin": "Soft",
    "Hair": "Soft",
    "Teeth": "Strong",
    "Eyes": "Big",
    "Nails": "Soft",
    "Tongue": "Red",
    "Food Habits": "Excessive",
    "Thirst": "Variable",
    "Bowl": "Soft",
    "Physical Activities": "Moderate",
    "Tolerance for Seasonal Weather": "Heat and Cold Intolerant",
    "Communication": "Sharp",
    "Memory": "Moderate",
    "Emotional Temperament": "Aggressive",
    "Pulse": "Slow",
    "Body Temperature": "Low"
  },
  {
    "Prakruti type": "Vata-Kapha",
    "Body Frame": "Broad",
    "Body weight": "Over Weight",
    "Skin": "Thick",
    "Hair": "Dry",
    "Teeth": "Strong",
    "Eyes": "Small",
    "Nails": "Brittle",
    "Tongue": "White",
    "Food Habits": "Frequent",
    "Thirst": "Variable",
    "Bowl": "Oily",
    "Physical Activities": "Lethargic",
    "Tolerance for Seasonal Weather": "Heat Intolerant",
    "Communication": "Talkative",
    "Memory": "Quick",
    "Emotional Temperament": "Calm",
    "Pulse": "Moderate",
    "Body Temperature": "High"
  },
  {
    "Prakruti type": "Pitha-Kapha",
    "Body Frame": "Thin",
    "Body weight": "Over Weight",
    "Skin": "Soft",
    "Hair": "Soft",
    "Teeth": "Strong",
    "Eyes": "Thick",
    "Nails": "Soft",
    "Tongue": "Red",
    "Food Habits": "Excessive",
    "Thirst": "Variable",
    "Bowl": "Oily",
    "Physical Activities": "Lethargic",
    "Tolerance for Seasonal Weather": "Cold Intolerant",
    "Communication": "Sharp",
    "Memory": "Moderate",
    "Emotional Temperament": "Calm",
    "Pulse": "Feeble",
    "Body Temperature": "Moderate"
  },
  {
    "Prakruti type": "Tridosha",
    "Body Frame": "Thin",
    "Body weight": "Low",
    "Skin": "Thick",
    "Hair": "Dry",
    "Teeth": "Big",
    "Eyes": "Thick",
    "Nails": "Soft",
    "Tongue": "White",
    "Food Habits": "Stable",
    "Thirst": "Variable",
    "Bowl": "Dry",
    "Physical Activities": "Moderate",
    "Tolerance for Seasonal Weather": "Cold Intolerant",
    "Communication": "Talkative",
    "Memory": "Quick",
    "Emotional Temperament": "Fearful",
    "Pulse": "Slow",
    "Body Temperature": "Low"
  },
  {
    "Prakruti type": "Pitha-Kapha",
    "Body Frame": "Medium",
    "Body weight": "Over Weight",
    "Skin": "Soft",
    "Hair": "Soft",
    "Teeth": "Strong",
    "Eyes": "Thick",
    "Nails": "Soft",
    "Tongue": "Red",
    "Food Habits": "Excessive",
    "Thirst": "Variable",
    "Bowl": "Oily",
    "Physical Activities": "Lethargic",
    "Tolerance for Seasonal Weather": "Cold Intolerant",
    "Communication": "Sharp",
    "Memory": "Moderate",
    "Emotional Temperament": "Calm",
    "Pulse": "Moderate",
    "Body Temperature": "Moderate"
  },
  {
    "Prakruti type": "Tridosha",
    "Body Frame": "Broad",
    "Body weight": "Low",
    "Skin": "Thick",
    "Hair": "Dry",
    "Teeth": "Big",
    "Eyes": "Thick",
    "Nails": "Soft",
    "Tongue": "White",
    "Food Habits": "Stable",
    "Thirst": "Variable",
    "Bowl": "Dry",
    "Physical Activities": "Moderate",
    "Tolerance for Seasonal Weather": "Cold Intolerant",
    "Communication": "Talkative",
    "Memory": "Quick",
    "Emotional Temperament": "Fearful",
    "Pulse": "Feeble",
    "Body Temperature": "Low"
  }
]